{"cameraMode":{"drawMode":0,"name":"Shaded","section":"Shading Mode"},"sceneLighting":false,"audioPlay":false,"sceneViewState":{"m_AlwaysRefresh":false,"showFog":false,"showSkybox":false,"showFlares":false,"showImageEffects":false,"showParticleSystems":false,"showVisualEffectGraphs":true,"m_FxEnabled":true},"in2DMode":false,"pivot":{"x":-0.017527073621749879,"y":1.0359458923339844,"z":0.020750194787979127},"rotation":{"x":-0.06876739859580994,"y":0.9218108057975769,"z":-0.19244244694709779,"w":-0.32940033078193667},"size":1.183493733406067,"orthographic":false}