{"cameraMode":{"drawMode":0,"name":"Shaded","section":"Shading Mode"},"sceneLighting":false,"audioPlay":false,"sceneViewState":{"m_AlwaysRefresh":false,"showFog":false,"showSkybox":false,"showFlares":false,"showImageEffects":false,"showParticleSystems":false,"showVisualEffectGraphs":true,"m_FxEnabled":true},"in2DMode":false,"pivot":{"x":-0.28114017844200137,"y":1.108900785446167,"z":-0.1418241262435913},"rotation":{"x":0.0027065256144851448,"y":0.9378579258918762,"z":-0.346932590007782,"w":0.007316421251744032},"size":0.43964967131614687,"orthographic":false}