{"cameraMode":{"drawMode":0,"name":"Shaded","section":"Shading Mode"},"sceneLighting":false,"audioPlay":false,"sceneViewState":{"m_AlwaysRefresh":false,"showFog":false,"showSkybox":false,"showFlares":false,"showImageEffects":false,"showParticleSystems":false,"showVisualEffectGraphs":true,"m_FxEnabled":true},"in2DMode":false,"pivot":{"x":-0.10957960784435272,"y":0.8766564130783081,"z":0.05994606018066406},"rotation":{"x":0.0008998886332847178,"y":0.9620683193206787,"z":-0.27280768752098086,"w":0.003175790188834071},"size":1.331705927848816,"orthographic":false}